{
  "bPQ": 0.5955139108231422,
  "mPQ": 0.48040004419675336,
  "PQ_class_1": 0.5490685832905978,
  "PQ_class_2": 0.4462521672790498,
  "PQ_class_3": 0.4038829459342461,
  "PQ_class_4": 0.21655657104779558,
  "PQ_class_5": 0.5284818454561881,
  "F1_detection": 0.7235509419072147
}