{
  "bPQ": 0.582077702867047,
  "mPQ": 0.46411007242921093,
  "PQ_class_1": 0.535302716265084,
  "PQ_class_2": 0.4341912252509292,
  "PQ_class_3": 0.38366164223171884,
  "PQ_class_4": 0.21266424882686183,
  "PQ_class_5": 0.5164002028463847,
  "F1_detection": 0.7128412877612857
}