{
  "bPQ": 0.6422562481668134,
  "mPQ": 0.5913168989220277,
  "PQ_class_1": 0.6522838586190913,
  "PQ_class_2": 0.5938925090085972,
  "PQ_class_3": 0.5207438002149665,
  "PQ_class_4": 0.48661867634350436,
  "PQ_class_5": 0.646816381621698,
  "F1_detection": 0.7674401179442858
}