{
  "bPQ": 0.6515321357481264,
  "mPQ": 0.6002713515811811,
  "PQ_class_1": 0.6692313787117816,
  "PQ_class_2": 0.591007062500751,
  "PQ_class_3": 0.523330309949268,
  "PQ_class_4": 0.442890044785384,
  "PQ_class_5": 0.6502710951091085,
  "F1_detection": 0.7766159081015217
}