{
  "bPQ": 0.6493789798746317,
  "mPQ": 0.5921145217636986,
  "PQ_class_1": 0.6637528800265988,
  "PQ_class_2": 0.5684432327225594,
  "PQ_class_3": 0.519484523338348,
  "PQ_class_4": 0.4948464165636337,
  "PQ_class_5": 0.6608053815387476,
  "F1_detection": 0.7728251228897608
}